{
  "airline_code": {
    "precision": 1.0,
    "recall": 1.0,
    "f1-score": 1.0,
    "support": 1,
    "confused_with": {}
  },
  "time": {
    "precision": 1.0,
    "recall": 1.0,
    "f1-score": 1.0,
    "support": 24,
    "confused_with": {}
  },
  "email": {
    "precision": 1.0,
    "recall": 1.0,
    "f1-score": 1.0,
    "support": 1,
    "confused_with": {}
  },
  "airport_code": {
    "precision": 1.0,
    "recall": 1.0,
    "f1-score": 1.0,
    "support": 1,
    "confused_with": {}
  },
  "GPE.destination": {
    "precision": 0.9459459459459459,
    "recall": 0.9722222222222222,
    "f1-score": 0.9589041095890412,
    "support": 36,
    "confused_with": {
      "GPE.departure": 1
    }
  },
  "number": {
    "precision": 1.0,
    "recall": 1.0,
    "f1-score": 1.0,
    "support": 17,
    "confused_with": {}
  },
  "GPE.departure": {
    "precision": 0.9545454545454546,
    "recall": 0.9130434782608695,
    "f1-score": 0.9333333333333332,
    "support": 23,
    "confused_with": {
      "GPE.destination": 2
    }
  },
  "micro avg": {
    "precision": 0.970873786407767,
    "recall": 0.970873786407767,
    "f1-score": 0.970873786407767,
    "support": 103
  },
  "macro avg": {
    "precision": 0.9857844857844859,
    "recall": 0.9836093857832988,
    "f1-score": 0.9846053489889107,
    "support": 103
  },
  "weighted avg": {
    "precision": 0.9709572767825195,
    "recall": 0.970873786407767,
    "f1-score": 0.9707496564259431,
    "support": 103
  },
  "accuracy": 0.9938775510204082
}